SET IDENTITY_INSERT [dbo].[users] ON
INSERT INTO [dbo].[users] ([id], [name], [password], [username]) VALUES (3, N'João Pereira', N'lzLIPj4D//3i7mWp2CbfjE3WI8J/uSuVL+YqAvByb4c=', N'jp')
INSERT INTO [dbo].[users] ([id], [name], [password], [username]) VALUES (4, N'António da Sousa', N'9L+ff8vtq6A5LxCMWdj0o4s4OO+2SHc4AXG1RHXCreg=', N'as')
INSERT INTO [dbo].[users] ([id], [name], [password], [username]) VALUES (5, N'Cristiano Ronaldo', N'K2vfsqDDDq9bfhKFdezBM1TXQxXCLtr6EUHqNEXO/F0=', N'cr')
INSERT INTO [dbo].[users] ([id], [name], [password], [username]) VALUES (6, N'Filomena Belo', N'XzcxtSrQ+y+CC5FJXrmWGuvLvHnViB5aJqOC5pS5zMA=', N'fb')
INSERT INTO [dbo].[users] ([id], [name], [password], [username]) VALUES (7, N'Carla Macedo', N'tQOcMl1xB9YIlXh811kJVjHT/llJE+b/KEQ0slSka0w=', N'cm')
INSERT INTO [dbo].[users] ([id], [name], [password], [username]) VALUES (8, N'Martim Gonçalves', N'6ZSdkE1Dbh/SGxrCNMH60gsJOfDW9CkveGJc668mftg=', N'mg')
INSERT INTO [dbo].[users] ([id], [name], [password], [username]) VALUES (9, N'Rodrigo Bastoa', N'ZPIyYQqmTk9/A8UXKLUFDYLSlLVcMEBwTw5dg8EpuPA=', N'rb')
INSERT INTO [dbo].[users] ([id], [name], [password], [username]) VALUES (10, N'Tomás Devezas', N'MPyeM1bCEicXeFn/KLFEUm2byvmAKxvBntVwnKSC+K4=', N'td')
INSERT INTO [dbo].[users] ([id], [name], [password], [username]) VALUES (11, N'Martim Francisco', N'mnlV6kWxxx+zZ/MwcXhkGBNmimvEjVi6If1ofdxZHqk=', N'mf')
INSERT INTO [dbo].[users] ([id], [name], [password], [username]) VALUES (13, N'Utilizador Demonstração', N'GUrjjb2FYtywFuU0jQx6P62CYnOlKXObPA5rOIZdbyo=', N'utilizadorDemo')
SET IDENTITY_INSERT [dbo].[users] OFF

INSERT INTO [dbo].[bank_accounts] ([userid], [pin], [saldo], [IBAN]) VALUES (3, N'D/4avRoIIVNTwjPW4AlhPpXuxCU4Mqdhryj/N6xaFQw=', 10000, N'PT5013694200961266294')
INSERT INTO [dbo].[bank_accounts] ([userid], [pin], [saldo], [IBAN]) VALUES (4, N'D/4avRoIIVNTwjPW4AlhPpXuxCU4Mqdhryj/N6xaFQw=', 10010, N'PT5013694200766251456')
INSERT INTO [dbo].[bank_accounts] ([userid], [pin], [saldo], [IBAN]) VALUES (5, N'D/4avRoIIVNTwjPW4AlhPpXuxCU4Mqdhryj/N6xaFQw=', 9999950, N'PT5013694200640169320')
INSERT INTO [dbo].[bank_accounts] ([userid], [pin], [saldo], [IBAN]) VALUES (7, N'D/4avRoIIVNTwjPW4AlhPpXuxCU4Mqdhryj/N6xaFQw=', 60000, N'PT5013694200774138292')
INSERT INTO [dbo].[bank_accounts] ([userid], [pin], [saldo], [IBAN]) VALUES (8, N'D/4avRoIIVNTwjPW4AlhPpXuxCU4Mqdhryj/N6xaFQw=', 99970, N'PT5013694200120607196')
INSERT INTO [dbo].[bank_accounts] ([userid], [pin], [saldo], [IBAN]) VALUES (9, N'D/4avRoIIVNTwjPW4AlhPpXuxCU4Mqdhryj/N6xaFQw=', 129500, N'PT5013694200202972143')
INSERT INTO [dbo].[bank_accounts] ([userid], [pin], [saldo], [IBAN]) VALUES (10, N'D/4avRoIIVNTwjPW4AlhPpXuxCU4Mqdhryj/N6xaFQw=', 10, N'PT5013694200121719832')
INSERT INTO [dbo].[bank_accounts] ([userid], [pin], [saldo], [IBAN]) VALUES (11, N'D/4avRoIIVNTwjPW4AlhPpXuxCU4Mqdhryj/N6xaFQw=', 20.01, N'PT5013694200180487312')
INSERT INTO [dbo].[bank_accounts] ([userid], [pin], [saldo], [IBAN]) VALUES (13, N'y/rQL57SqNHgjY909TA+nrk2N9R/gqtvHBWHHPjdBIE=', 75, N'PT5013694200845353460')

SET IDENTITY_INSERT [dbo].[bank_transactions] ON
INSERT INTO [dbo].[bank_transactions] ([id], [userid], [time], [description], [variation], [finalbalance]) VALUES (9, 3, N'2024-06-26 13:48:54', N'Depósito de Fundos', 10000, 10000)
INSERT INTO [dbo].[bank_transactions] ([id], [userid], [time], [description], [variation], [finalbalance]) VALUES (10, 4, N'2024-06-26 13:53:24', N'Depósito de Fundos', 10000, 10000)
INSERT INTO [dbo].[bank_transactions] ([id], [userid], [time], [description], [variation], [finalbalance]) VALUES (11, 5, N'2024-06-26 13:54:27', N'Depósito de Fundos', 10000000, 10000000)
INSERT INTO [dbo].[bank_transactions] ([id], [userid], [time], [description], [variation], [finalbalance]) VALUES (13, 7, N'2024-06-26 14:01:02', N'Depósito de Fundos', 10000, 60000)
INSERT INTO [dbo].[bank_transactions] ([id], [userid], [time], [description], [variation], [finalbalance]) VALUES (14, 7, N'2024-06-26 13:02:00', N'Vencimento Rumos Education', 50000, 50000)
INSERT INTO [dbo].[bank_transactions] ([id], [userid], [time], [description], [variation], [finalbalance]) VALUES (15, 8, N'2024-06-26 14:04:22', N'Transferência de Mário Gonçalves', 100000, 100000)
INSERT INTO [dbo].[bank_transactions] ([id], [userid], [time], [description], [variation], [finalbalance]) VALUES (16, 9, N'2024-06-26 14:08:21', N'Transferência de Diana Chaves', 130000, 130000)
INSERT INTO [dbo].[bank_transactions] ([id], [userid], [time], [description], [variation], [finalbalance]) VALUES (17, 10, N'2024-06-26 14:09:31', N'Ajuste de Fundos', -20, -20)
INSERT INTO [dbo].[bank_transactions] ([id], [userid], [time], [description], [variation], [finalbalance]) VALUES (18, 10, N'2024-06-26 14:09:31', N'Depósito de Fundos', 50, 30)
INSERT INTO [dbo].[bank_transactions] ([id], [userid], [time], [description], [variation], [finalbalance]) VALUES (19, 10, N'2024-06-26 14:09:31', N'Pagamento a Ivo Assistencias S.A.', -20, 10)
INSERT INTO [dbo].[bank_transactions] ([id], [userid], [time], [description], [variation], [finalbalance]) VALUES (20, 9, N'2024-06-26 14:09:53', N'Pagamento a Ivo Assistencias S.A.', -500, 129500)
INSERT INTO [dbo].[bank_transactions] ([id], [userid], [time], [description], [variation], [finalbalance]) VALUES (21, 8, N'2024-06-26 14:10:11', N'Pagamento a Ivo Assistencias S.A.', -30, 99970)
INSERT INTO [dbo].[bank_transactions] ([id], [userid], [time], [description], [variation], [finalbalance]) VALUES (22, 11, N'2024-06-26 14:11:40', N'Depósito de Fundos', 110, 110)
INSERT INTO [dbo].[bank_transactions] ([id], [userid], [time], [description], [variation], [finalbalance]) VALUES (23, 11, N'2024-06-26 14:11:40', N'Pagamento a Sony Entretainment', -69.99, 40.01)
INSERT INTO [dbo].[bank_transactions] ([id], [userid], [time], [description], [variation], [finalbalance]) VALUES (24, 11, N'2024-06-26 14:11:40', N'Pagamento a Ivo Assistencias S.A.', -20, 20.01)
INSERT INTO [dbo].[bank_transactions] ([id], [userid], [time], [description], [variation], [finalbalance]) VALUES (25, 5, N'2024-06-26 14:13:02', N'Compra de Pastéis de Nata', -50, 9999950)
INSERT INTO [dbo].[bank_transactions] ([id], [userid], [time], [description], [variation], [finalbalance]) VALUES (26, 13, N'2024-06-26 14:22:59', N'Depósito de Fundos', 100, 100)
INSERT INTO [dbo].[bank_transactions] ([id], [userid], [time], [description], [variation], [finalbalance]) VALUES (27, 13, N'2024-06-26 14:23:09', N'Levantamento de Fundos', -10, 90)
INSERT INTO [dbo].[bank_transactions] ([id], [userid], [time], [description], [variation], [finalbalance]) VALUES (28, 13, N'2024-06-26 14:23:56', N'Transferência de fundos para PT50 1369 4200 7662 5145 6', -10, 80)
INSERT INTO [dbo].[bank_transactions] ([id], [userid], [time], [description], [variation], [finalbalance]) VALUES (29, 4, N'2024-06-26 14:23:56', N'Transferência de fundos de PT50 1369 4200 8453 5346 0', 10, 10010)
INSERT INTO [dbo].[bank_transactions] ([id], [userid], [time], [description], [variation], [finalbalance]) VALUES (30, 13, N'2024-06-26 14:25:50', N'Pagamento a Loja LLC.', -5, 75)
SET IDENTITY_INSERT [dbo].[bank_transactions] OFF